{"cameraMode":{"drawMode":0,"name":"Shaded","section":"Shading Mode"},"sceneLighting":true,"audioPlay":false,"sceneViewState":{"showFog":true,"showMaterialUpdate":true,"showSkybox":true,"showFlares":true,"showImageEffects":true,"showParticleSystems":true},"in2DMode":false,"pivot":{"x":0.8578934669494629,"y":2.666015148162842,"z":-2.543548583984375},"rotation":{"x":-0.14388412237167359,"y":0.2385304570198059,"z":-0.03575997054576874,"w":-0.9597530961036682},"size":16.260408401489259,"orthographic":false}