{"cameraMode":{"drawMode":0,"name":"Shaded","section":"Shading Mode"},"sceneLighting":true,"audioPlay":false,"sceneViewState":{"showFog":true,"showMaterialUpdate":true,"showSkybox":true,"showFlares":true,"showImageEffects":true,"showParticleSystems":true},"in2DMode":false,"pivot":{"x":-1.3113679885864258,"y":1.1689128875732422,"z":-0.5867156982421875},"rotation":{"x":-0.14969545602798463,"y":0.23687270283699037,"z":-0.036965955048799518,"w":-0.9592276811599731},"size":29.586091995239259,"orthographic":false}