{"cameraMode":{"drawMode":0,"name":"Shaded","section":"Shading Mode"},"sceneLighting":true,"audioPlay":false,"sceneViewState":{"showFog":true,"showMaterialUpdate":true,"showSkybox":true,"showFlares":true,"showImageEffects":true,"showParticleSystems":true},"in2DMode":false,"pivot":{"x":-0.27951860427856448,"y":1.5036189556121827,"z":-0.5634279251098633},"rotation":{"x":-0.055295709520578387,"y":0.917592465877533,"z":-0.1375635266304016,"w":-0.36883994936943056},"size":10.0,"orthographic":false}