{"cameraMode":{"drawMode":0,"name":"Shaded","section":"Shading Mode"},"sceneLighting":true,"audioPlay":false,"sceneViewState":{"showFog":true,"showMaterialUpdate":true,"showSkybox":true,"showFlares":true,"showImageEffects":true,"showParticleSystems":true},"in2DMode":false,"pivot":{"x":0.4513826370239258,"y":1.9459483623504639,"z":0.5475475788116455},"rotation":{"x":-0.13118833303451539,"y":0.30459606647491457,"z":-0.042399317026138309,"w":-0.9424567818641663},"size":5.122440338134766,"orthographic":false}