{"cameraMode":{"drawMode":0,"name":"Shaded","section":"Shading Mode"},"sceneLighting":true,"audioPlay":false,"sceneViewState":{"showFog":true,"showMaterialUpdate":true,"showSkybox":true,"showFlares":true,"showImageEffects":true,"showParticleSystems":true},"in2DMode":false,"pivot":{"x":0.4633824825286865,"y":1.9459483623504639,"z":0.5561814308166504},"rotation":{"x":-0.13125178217887879,"y":0.30318203568458559,"z":-0.04220248758792877,"w":-0.9429126381874085},"size":5.122440338134766,"orthographic":false}