{"cameraMode":{"drawMode":0,"name":"Shaded","section":"Shading Mode"},"sceneLighting":true,"audioPlay":false,"sceneViewState":{"showFog":true,"showMaterialUpdate":true,"showSkybox":true,"showFlares":true,"showImageEffects":true,"showParticleSystems":true},"in2DMode":false,"pivot":{"x":0.020725779235363008,"y":1.1512539386749268,"z":0.12938176095485688},"rotation":{"x":0.021018201485276223,"y":0.005702307913452387,"z":-0.00009483906615059823,"w":1.0004390478134156},"size":1.0097144842147828,"orthographic":false}